{
  "params": [
    1287.4917924404144,
    0.5256489288061859,
    44.23968917131424,
    0.06909598363563418,
    4.520048405975103,
    0.031514514517039065
  ],
  "period_nm": 1287.4917924404144,
  "duty": 0.5256489288061859,
  "ring_w_um": 44.23968917131424,
  "mod_amp": 0.06909598363563418,
  "n_petals": 4,
  "R_c_m": 31.731410600005482,
  "PASS": true,
  "max_lateral_m": 0.07071067811871025,
  "max_tilt_deg": 3.9511373241610253,
  "spin_drift_frac": 0.0,
  "obj": 0.4343974424820527
}